IP,Port,Anonymous,HTTP,Delay,Survival,ValidationDate
106.14.173.173,8080,高匿,HTTP,0.108,31天,20-04-24 21:20
117.88.176.123,3000,高匿,HTTPS,0.323,48天,20-04-24 21:20
171.35.163.132,9999,高匿,HTTPS,0.904,1分钟,20-04-24 21:00
117.88.177.24,3000,高匿,HTTP,0.136,102天,20-04-24 20:00
121.237.149.220,3000,高匿,HTTP,1.359,1分钟,20-04-24 19:20
110.243.5.40,9999,高匿,HTTP,1.975,1分钟,20-04-24 16:20
118.181.226.166,44640,高匿,HTTP,0.748,135天,20-04-24 14:20
115.49.74.102,8118,高匿,HTTPS,0.102,1分钟,20-04-24 12:00
49.76.237.243,8123,高匿,HTTPS,5.601,1小时,20-04-24 11:00
117.88.176.221,3000,高匿,HTTPS,0.133,142天,20-04-24 10:00
119.254.94.93,46323,高匿,HTTPS,1.288,561天,20-04-24 09:00
27.208.231.100,8060,高匿,HTTP,0.094,1分钟,20-04-24 08:21
124.239.216.14,8060,高匿,HTTP,1.063,47天,20-04-24 07:21
115.219.168.69,8118,高匿,HTTP,3.244,2天,20-04-24 06:20
58.254.220.116,52470,高匿,HTTPS,0.242,580天,20-04-24 05:20
117.186.49.50,55443,高匿,HTTPS,5.439,3天,20-04-24 05:20
61.54.225.130,8060,高匿,HTTP,0.077,56天,20-04-24 02:21
117.88.177.143,3000,高匿,HTTP,1.16,1分钟,20-04-24 01:20
60.216.101.46,59351,高匿,HTTP,0.11,576天,20-04-24 00:00
27.188.65.244,8060,高匿,HTTP,0.058,54天,20-04-23 21:21
115.46.116.170,8123,高匿,HTTP,2.061,1分钟,20-04-23 20:20
218.59.193.14,47138,高匿,HTTPS,7.113,573天,20-04-23 18:22
121.237.148.31,3000,高匿,HTTP,0.138,56天,20-04-23 18:00
117.88.176.55,3000,高匿,HTTP,0.312,49天,20-04-23 18:00
222.95.144.202,3000,高匿,HTTPS,2.218,1分钟,20-04-23 17:00
121.237.148.241,3000,高匿,HTTPS,4.718,24天,20-04-23 15:00
114.104.134.142,8888,高匿,HTTPS,3.455,1分钟,20-04-23 14:00
121.237.149.218,3000,高匿,HTTP,0.156,1分钟,20-04-23 12:20
27.184.157.205,8118,高匿,HTTPS,0.07,1分钟,20-04-23 10:00
202.107.233.123,8090,高匿,HTTP,5.042,48天,20-04-23 09:01
211.159.219.225,8118,高匿,HTTP,0.152,579天,20-04-23 07:00
183.250.255.86,63000,高匿,HTTPS,0.794,1分钟,20-04-23 03:00
111.222.141.127,8118,高匿,HTTP,0.265,51天,20-04-23 02:20
218.203.132.117,808,高匿,HTTPS,0.304,1天,20-04-23 01:20
121.237.149.206,3000,高匿,HTTPS,0.82,27天,20-04-22 23:20
1.197.203.247,9999,高匿,HTTPS,2.667,1分钟,20-04-22 23:00
118.114.96.78,8118,高匿,HTTP,0.325,1分钟,20-04-22 20:20
117.88.5.40,3000,高匿,HTTP,2.222,1分钟,20-04-22 18:20
61.150.96.27,46111,高匿,HTTPS,5.255,568天,20-04-22 17:00
171.35.167.220,9999,高匿,HTTP,0.941,1分钟,20-04-22 16:20
123.168.136.2,9999,高匿,HTTP,7.347,1分钟,20-04-22 15:20
222.85.28.130,40505,高匿,HTTP,0.122,317天,20-04-22 12:20
27.184.141.239,8118,高匿,HTTP,0.084,1分钟,20-04-22 11:20
117.114.149.66,53281,高匿,HTTPS,0.027,626天,20-04-22 10:21
180.117.98.96,8118,高匿,HTTP,0.134,1分钟,20-04-22 08:21
139.224.233.103,8118,高匿,HTTP,0.101,192天,20-04-22 07:00
118.24.155.27,8118,高匿,HTTPS,0.573,1分钟,20-04-22 05:00
222.190.125.3,8118,高匿,HTTP,0.435,13天,20-04-22 03:20
218.75.69.50,39590,高匿,HTTPS,0.179,567天,20-04-22 00:21
222.95.144.59,3000,高匿,HTTPS,1.448,1分钟,20-04-21 23:00
117.88.5.250,3000,高匿,HTTP,0.155,65天,20-04-21 21:20
223.241.118.200,8010,高匿,HTTPS,3.707,852天,20-04-21 19:21
180.117.234.56,8118,高匿,HTTPS,0.371,733天,20-04-21 18:00
123.171.5.132,8118,高匿,HTTP,0.111,3天,20-04-21 17:00
117.88.4.12,3000,高匿,HTTP,0.875,1分钟,20-04-21 15:20
115.219.104.68,8010,高匿,HTTPS,3.297,728天,20-04-21 13:20
115.204.198.148,8118,高匿,HTTP,3.165,1分钟,20-04-21 12:20
115.46.102.33,8123,高匿,HTTPS,4.818,1分钟,20-04-21 11:00
183.147.225.74,8118,高匿,HTTPS,3.155,1天,20-04-21 10:00
118.25.10.200,8080,高匿,HTTPS,4.99,8天,20-04-21 06:00
115.223.124.35,8010,高匿,HTTP,1.808,1分钟,20-04-21 04:20
121.13.252.58,41564,高匿,HTTP,0.22,395天,20-04-21 03:21
114.99.54.65,8118,高匿,HTTPS,0.138,216天,20-04-21 02:00
112.16.217.191,808,高匿,HTTPS,0.162,3天,20-04-20 19:40
183.166.136.49,8888,高匿,HTTP,0.158,1分钟,20-04-20 18:20
106.110.65.16,8118,高匿,HTTPS,1.144,1分钟,20-04-20 18:00
118.212.105.23,9999,高匿,HTTPS,2.415,1分钟,20-04-20 17:00
113.120.146.230,9999,高匿,HTTP,0.265,1分钟,20-04-20 15:20
27.184.131.165,8118,高匿,HTTP,0.08,1分钟,20-04-20 12:20
183.128.222.20,8118,高匿,HTTPS,0.125,1分钟,20-04-20 11:00
117.88.177.66,3000,高匿,HTTP,1.024,33天,20-04-20 09:20
182.46.115.68,9999,高匿,HTTP,7.267,1分钟,20-04-20 08:20
114.223.103.47,8118,高匿,HTTPS,1.213,1天,20-04-20 06:00
117.68.190.21,8118,高匿,HTTP,4.222,1分钟,20-04-20 05:20
119.254.94.71,42788,高匿,HTTPS,0.018,531天,20-04-20 04:20
58.61.154.153,8080,高匿,HTTPS,0.628,1分钟,20-04-20 03:00
121.237.149.82,3000,高匿,HTTPS,0.445,34天,20-04-20 03:00
140.250.197.132,9999,高匿,HTTPS,2.097,1分钟,20-04-20 00:01
117.131.235.198,8060,高匿,HTTP,0.073,1分钟,20-04-19 22:21
119.254.94.114,45691,高匿,HTTPS,0.018,571天,20-04-19 21:21
115.223.85.231,8010,高匿,HTTP,7.659,717天,20-04-19 21:00
171.35.169.59,9999,高匿,HTTPS,0.37,1分钟,20-04-19 20:00
114.239.151.244,808,高匿,HTTPS,0.636,1042天,20-04-19 18:00
115.219.111.105,8010,高匿,HTTPS,1.18,604天,20-04-19 15:00
123.57.84.116,8118,高匿,HTTP,4.939,548天,20-04-19 14:20
60.205.188.24,3128,高匿,HTTP,5.489,52天,20-04-19 13:21
163.204.244.81,9999,高匿,HTTPS,0.192,326天,20-04-19 13:01
118.212.104.216,9999,高匿,HTTP,0.835,1分钟,20-04-19 09:20
223.241.117.0,8010,高匿,HTTPS,3.197,882天,20-04-19 05:00
183.167.217.152,63000,高匿,HTTP,0.151,683天,20-04-19 02:20
119.84.112.139,80,高匿,HTTPS,2.625,3天,20-04-19 02:20
118.112.194.127,9999,高匿,HTTPS,5.759,1分钟,20-04-19 00:00
27.184.245.4,8118,高匿,HTTPS,0.09,1分钟,20-04-18 22:00
117.88.4.167,3000,高匿,HTTPS,0.169,49天,20-04-18 19:20
122.241.17.180,60004,高匿,HTTPS,5.274,1分钟,20-04-18 17:00
123.169.97.205,9999,高匿,HTTP,5.109,1分钟,20-04-18 14:21
171.35.168.208,9999,高匿,HTTP,5.16,1分钟,20-04-18 11:20
120.83.96.70,9999,高匿,HTTP,1.365,1分钟,20-04-18 11:20
113.194.28.148,9999,高匿,HTTP,7.387,1分钟,20-04-18 10:21
121.8.146.99,8060,高匿,HTTP,1.18,50天,20-04-18 07:20
223.241.116.161,8010,高匿,HTTPS,7.869,889天,20-04-18 04:20
58.56.149.198,53281,高匿,HTTPS,3.982,944天,20-04-18 03:00
115.219.105.229,8010,高匿,HTTP,1.015,31天,20-04-18 01:00
221.1.200.242,38652,高匿,HTTPS,0.116,555天,20-04-17 23:21
223.100.166.3,36945,高匿,HTTP,2.582,7天,20-04-17 22:00
122.241.32.63,60004,高匿,HTTPS,4.924,1分钟,20-04-17 21:00
120.79.61.114,80,高匿,HTTPS,0.498,1分钟,20-04-17 20:00
122.241.34.188,60004,高匿,HTTP,0.153,1分钟,20-04-17 19:21
122.241.32.159,60004,高匿,HTTPS,0.305,1分钟,20-04-17 19:00
122.14.47.21,8118,高匿,HTTPS,0.02,175天,20-04-17 18:21
116.113.27.170,47849,高匿,HTTPS,0.094,526天,20-04-17 17:21
121.237.149.50,3000,高匿,HTTP,0.619,42天,20-04-17 16:20
121.237.149.130,3000,高匿,HTTPS,0.136,49天,20-04-17 16:00
113.208.115.190,8118,高匿,HTTP,0.166,150天,20-04-17 14:21
125.126.122.44,60004,高匿,HTTP,3.72,1分钟,20-04-17 13:20
121.237.149.108,3000,高匿,HTTPS,1.813,35天,20-04-17 11:20
114.104.135.251,8888,高匿,HTTP,0.269,1分钟,20-04-17 10:20
125.126.117.30,60004,高匿,HTTPS,2.526,1分钟,20-04-17 10:00
125.126.113.184,60004,高匿,HTTPS,0.171,1分钟,20-04-17 10:00
115.219.105.158,8010,高匿,HTTP,2.977,1分钟,20-04-17 09:21
115.219.107.158,8010,高匿,HTTPS,4.45,1分钟,20-04-17 07:00
125.126.98.137,60004,高匿,HTTPS,1.014,20分钟,20-04-17 04:20
125.126.114.7,60004,高匿,HTTP,1.575,1分钟,20-04-17 03:20
111.231.239.143,1081,高匿,HTTPS,0.266,10小时,20-04-17 03:00
210.5.10.87,53281,高匿,HTTPS,0.212,485天,20-04-17 01:20
115.223.96.231,8010,高匿,HTTP,1.151,628天,20-04-16 23:20
114.239.211.175,61234,高匿,HTTP,0.185,648天,20-04-16 22:00
117.88.4.162,3000,高匿,HTTPS,0.144,136天,20-04-16 21:20
171.35.173.121,9999,高匿,HTTP,2.31,105天,20-04-16 19:21
115.223.94.243,8010,高匿,HTTP,1.63,1分钟,20-04-16 17:20
222.95.241.80,3000,高匿,HTTP,0.847,1分钟,20-04-16 15:20
117.88.5.19,3000,高匿,HTTP,0.327,19天,20-04-16 15:01
110.73.0.113,8123,高匿,HTTP,0.412,1594天,20-04-16 14:20
202.115.142.147,9200,高匿,HTTP,0.202,13天,20-04-16 13:20
115.219.105.8,8010,高匿,HTTPS,1.662,1分钟,20-04-16 13:00
115.219.109.194,8010,高匿,HTTPS,1.127,567天,20-04-16 11:00
115.223.68.95,8010,高匿,HTTPS,4.48,1分钟,20-04-16 09:00
115.223.88.91,8010,高匿,HTTP,7.052,4天,20-04-16 07:20
222.95.144.204,3000,高匿,HTTPS,0.138,1分钟,20-04-16 06:00
175.148.79.80,1133,高匿,HTTPS,3.169,1分钟,20-04-16 02:00
121.40.162.239,808,高匿,HTTP,3.64,43天,20-04-16 01:20
163.204.244.185,9999,高匿,HTTPS,2.242,1分钟,20-04-16 00:00
182.92.220.212,8080,高匿,HTTPS,0.226,38天,20-04-15 22:00
222.95.144.61,3000,高匿,HTTPS,3.029,19天,20-04-15 20:20
123.169.101.123,9999,高匿,HTTP,6.785,1分钟,20-04-15 19:20
58.253.157.142,9999,高匿,HTTP,0.194,143天,20-04-15 18:00
60.173.241.77,8060,高匿,HTTP,7.135,1分钟,20-04-15 16:21
113.124.92.200,9999,高匿,HTTP,2.318,1分钟,20-04-15 13:20
117.88.4.23,3000,高匿,HTTPS,0.134,62天,20-04-15 10:00
140.250.197.186,9999,高匿,HTTP,0.297,1分钟,20-04-15 05:20
115.223.87.86,8010,高匿,HTTP,0.737,620天,20-04-15 04:20
223.241.79.23,8010,高匿,HTTPS,1.999,857天,20-04-15 02:00
223.241.78.174,8010,高匿,HTTPS,6.057,868天,20-04-15 01:00
163.204.241.202,9999,高匿,HTTP,6.677,1分钟,20-04-14 23:20
119.180.139.188,8060,高匿,HTTP,0.135,1分钟,20-04-14 20:21
223.241.119.91,8010,高匿,HTTPS,5.208,882天,20-04-14 19:21
117.88.176.135,3000,高匿,HTTP,0.323,47天,20-04-14 13:00
114.104.134.151,8888,高匿,HTTP,0.141,1分钟,20-04-14 08:20
182.32.234.37,9999,高匿,HTTP,0.276,1分钟,20-04-14 07:20
121.36.108.128,8080,高匿,HTTP,0.035,1分钟,20-04-14 06:21
122.4.43.149,808,高匿,HTTP,0.369,1分钟,20-04-14 04:20
182.92.113.148,8118,高匿,HTTP,0.019,607天,20-04-14 02:21
218.14.109.42,44942,高匿,HTTPS,0.224,566天,20-04-14 01:20
115.223.117.217,8010,高匿,HTTP,4.925,1分钟,20-04-13 23:20
115.223.109.209,8010,高匿,HTTPS,0.649,1分钟,20-04-13 22:00
121.237.148.192,3000,高匿,HTTP,1.129,11天,20-04-13 19:00
222.95.144.33,3000,高匿,HTTPS,0.139,46天,20-04-13 18:20
119.179.132.23,8060,高匿,HTTP,0.096,1分钟,20-04-13 17:21
140.143.53.70,8118,高匿,HTTP,0.039,19天,20-04-13 15:20
115.223.98.186,8010,高匿,HTTPS,2.699,1分钟,20-04-13 13:00
223.241.119.235,8010,高匿,HTTPS,5.055,851天,20-04-13 12:00
115.223.86.191,8010,高匿,HTTP,1.754,1分钟,20-04-13 09:20
180.97.193.215,808,高匿,HTTPS,0.173,1分钟,20-04-13 08:00
120.26.199.103,8118,高匿,HTTP,1.668,862天,20-04-13 05:20
112.192.34.47,1133,高匿,HTTP,5.89,1分钟,20-04-13 02:20
175.165.129.245,1133,高匿,HTTP,0.775,1分钟,20-04-13 01:20
223.241.118.244,8010,高匿,HTTPS,3.316,918天,20-04-12 23:00
115.219.107.61,8010,高匿,HTTPS,4.373,652天,20-04-12 22:00
223.241.79.172,8010,高匿,HTTPS,2.153,882天,20-04-12 18:20
117.88.176.166,3000,高匿,HTTPS,0.151,54天,20-04-12 18:00
120.236.130.132,8060,高匿,HTTP,7.21,1分钟,20-04-12 15:21
123.171.5.150,8118,高匿,HTTP,2.501,1分钟,20-04-12 15:20
115.223.99.151,8010,高匿,HTTPS,0.667,642天,20-04-12 14:21
112.84.48.103,9999,高匿,HTTPS,4.896,1分钟,20-04-12 11:00
121.40.108.76,80,高匿,HTTP,2.817,1645天,20-04-12 10:01
115.223.121.14,8010,高匿,HTTPS,0.992,1分钟,20-04-12 06:00
223.240.208.129,8010,高匿,HTTP,1.137,480天,20-04-12 04:21
114.55.32.150,8888,高匿,HTTP,0.127,1分钟,20-04-12 02:20
175.148.75.109,1133,高匿,HTTPS,3.267,588天,20-04-12 02:00
117.88.177.91,3000,高匿,HTTP,0.802,27天,20-04-12 00:20
121.237.149.96,3000,高匿,HTTPS,0.564,20分钟,20-04-11 20:21
122.5.107.244,9999,高匿,HTTPS,3.644,1分钟,20-04-11 19:00
121.237.149.234,3000,高匿,HTTPS,0.139,43天,20-04-11 17:00
223.241.116.231,8010,高匿,HTTPS,2.371,878天,20-04-11 16:20
110.167.30.50,8060,高匿,HTTP,0.168,41天,20-04-11 06:21
115.219.111.73,8010,高匿,HTTPS,0.664,470天,20-04-11 06:00
115.223.109.254,8010,高匿,HTTPS,0.607,1分钟,20-04-11 00:00
114.99.9.163,1133,高匿,HTTP,0.71,1分钟,20-04-10 23:20
183.23.75.201,808,高匿,HTTPS,3.672,10小时,20-04-10 18:20
218.14.108.53,8060,高匿,HTTP,0.183,41天,20-04-10 15:21
117.88.176.46,3000,高匿,HTTP,0.441,20天,20-04-10 15:20
121.237.149.230,3000,高匿,HTTP,0.584,21天,20-04-10 12:20
60.184.173.236,808,高匿,HTTPS,1.155,1062天,20-04-10 11:21
60.217.64.237,31923,高匿,HTTP,4.966,521天,20-04-10 11:20
115.223.81.6,8010,高匿,HTTPS,5.597,1分钟,20-04-10 10:00
222.85.39.8,808,高匿,HTTPS,0.705,1074天,20-04-10 10:00
113.194.49.219,9999,高匿,HTTP,0.955,1分钟,20-04-10 07:20
117.88.176.109,3000,高匿,HTTPS,0.137,1分钟,20-04-10 06:00
117.88.4.96,3000,高匿,HTTP,0.372,1分钟,20-04-10 04:20
117.90.7.153,8010,高匿,HTTP,7.833,1分钟,20-04-10 00:20
220.176.33.249,9999,高匿,HTTP,1.295,1分钟,20-04-10 00:20
115.223.64.64,8010,高匿,HTTPS,0.781,568天,20-04-10 00:00
49.75.189.60,8010,高匿,HTTP,3.44,1分钟,20-04-09 20:20
222.95.144.65,3000,高匿,HTTP,3.516,10天,20-04-09 20:00
223.241.119.51,8010,高匿,HTTP,0.276,289天,20-04-09 19:00
117.88.177.28,3000,高匿,HTTP,0.136,127天,20-04-09 16:21
117.88.176.91,3000,高匿,HTTPS,0.135,40天,20-04-09 15:20
117.88.176.5,3000,高匿,HTTPS,0.133,53天,20-04-09 14:20
117.88.177.162,3000,高匿,HTTPS,0.33,1分钟,20-04-09 14:00
117.88.176.2,3000,高匿,HTTP,0.338,1分钟,20-04-09 13:20
39.137.107.98,80,高匿,HTTP,0.166,17小时,20-04-09 10:21
221.180.170.104,8080,高匿,HTTP,0.103,20小时,20-04-09 10:21
144.52.244.46,9999,高匿,HTTP,1.439,1分钟,20-04-09 10:20
117.88.176.173,3000,高匿,HTTP,0.39,20天,20-04-09 10:00
117.88.5.227,3000,高匿,HTTPS,0.141,125天,20-04-09 10:00
119.41.236.180,8010,高匿,HTTP,0.332,47天,20-04-09 07:21
117.88.176.110,3000,高匿,HTTPS,0.14,151天,20-04-09 02:21
115.223.114.224,8010,高匿,HTTPS,0.846,562天,20-04-09 01:00
171.13.103.151,9999,高匿,HTTPS,5.913,1分钟,20-04-09 00:00
60.168.80.79,18118,高匿,HTTPS,0.797,702天,20-04-08 18:20
116.114.19.211,443,高匿,HTTP,0.124,46天,20-04-08 16:20
223.241.119.147,8010,高匿,HTTPS,3.111,865天,20-04-08 16:20
116.114.19.204,443,高匿,HTTP,1.114,41天,20-04-08 14:20
115.223.65.36,8010,高匿,HTTP,0.895,1分钟,20-04-08 09:20
117.68.192.235,8010,高匿,HTTPS,1.243,557天,20-04-08 06:00
117.88.176.165,3000,高匿,HTTPS,3.169,32天,20-04-08 01:20
119.41.192.134,53281,高匿,HTTP,4.049,1分钟,20-04-07 23:20
115.159.154.79,1080,高匿,HTTP,0.386,32天,20-04-07 16:20
183.166.171.62,8888,高匿,HTTPS,2.518,1分钟,20-04-07 10:00
60.168.71.178,8118,高匿,HTTPS,2.226,1分钟,20-04-07 08:00
117.64.234.34,8888,高匿,HTTPS,7.632,829天,20-04-07 06:20
106.122.169.46,8118,高匿,HTTPS,0.239,1分钟,20-04-07 05:00
117.88.176.68,3000,高匿,HTTP,0.351,23天,20-04-07 01:00
123.171.5.81,8118,高匿,HTTP,3.338,4天,20-04-06 22:20
183.166.136.91,8888,高匿,HTTP,1.144,1分钟,20-04-06 19:20
115.223.124.79,8010,高匿,HTTP,0.887,226天,20-04-06 15:20
121.31.100.197,8123,高匿,HTTP,2.259,1134天,20-04-06 13:20
125.123.141.203,9999,高匿,HTTPS,0.848,340天,20-04-06 12:00
61.178.149.237,59042,高匿,HTTPS,1.809,526天,20-04-06 06:20
113.119.164.229,8118,高匿,HTTPS,7.188,1分钟,20-04-06 03:00
113.109.213.63,8118,高匿,HTTPS,3.183,1分钟,20-04-06 01:00
115.219.105.61,8010,高匿,HTTP,3.871,642天,20-04-05 22:20
223.241.116.177,8010,高匿,HTTPS,5.681,853天,20-04-05 20:00
117.88.176.45,3000,高匿,HTTPS,0.132,111天,20-04-05 17:00
223.198.0.178,8118,高匿,HTTPS,1.458,1分钟,20-04-05 13:00
58.211.134.98,31744,高匿,HTTP,1.586,300天,20-04-05 09:20
117.94.213.205,8118,高匿,HTTPS,0.406,2天,20-04-05 05:00
110.73.2.136,8123,高匿,HTTP,3.024,1145天,20-04-05 04:00
124.226.110.144,8118,高匿,HTTPS,0.242,3天,20-04-05 02:00
175.148.71.127,1133,高匿,HTTPS,4.133,1分钟,20-04-05 00:01
121.237.148.130,3000,高匿,HTTP,0.454,14天,20-04-04 21:21
117.88.176.76,3000,高匿,HTTP,0.709,24天,20-04-04 21:21
117.88.176.77,3000,高匿,HTTP,0.188,29天,20-04-04 21:20
117.88.176.222,3000,高匿,HTTP,0.184,37天,20-04-04 21:20
222.95.144.99,3000,高匿,HTTP,4.745,2天,20-04-04 21:20
14.114.39.91,8118,高匿,HTTPS,0.296,9小时,20-04-04 20:01
118.114.165.98,8118,高匿,HTTP,0.241,11天,20-04-04 18:21
175.155.100.137,1133,高匿,HTTP,2.419,1分钟,20-04-04 15:21
220.168.52.245,55255,高匿,HTTPS,0.132,555天,20-04-04 15:00
121.237.149.224,3000,高匿,HTTP,0.337,30天,20-04-04 13:01
121.237.149.241,3000,高匿,HTTP,2.352,33天,20-04-04 13:01
115.219.107.33,8010,高匿,HTTP,4.919,1分钟,20-04-04 11:20
115.223.95.192,8010,高匿,HTTP,5.31,1分钟,20-04-04 05:20
60.168.206.10,8888,高匿,HTTP,0.575,1分钟,20-04-04 04:20
125.69.182.41,30228,高匿,HTTP,3.788,1天,20-04-04 04:00
222.184.7.206,40908,高匿,HTTP,0.159,512天,20-04-04 02:00
125.120.221.56,8118,高匿,HTTP,6.168,1分钟,20-04-03 21:20
119.147.137.79,8008,高匿,HTTPS,0.174,145天,20-04-03 20:00
117.88.5.75,3000,高匿,HTTPS,0.133,147天,20-04-03 19:00
117.88.177.0,3000,高匿,HTTP,0.436,7天,20-04-03 14:21
117.88.5.232,3000,高匿,HTTPS,0.447,2天,20-04-03 13:20
115.223.92.231,8010,高匿,HTTP,1.657,1分钟,20-04-03 11:20
222.95.144.44,3000,高匿,HTTPS,0.336,1分钟,20-04-03 08:00
118.113.234.101,8118,高匿,HTTPS,0.234,1分钟,20-04-03 05:00
121.237.148.15,3000,高匿,HTTP,1.072,27天,20-04-03 03:00
222.95.144.100,3000,高匿,HTTP,0.524,1分钟,20-04-03 02:20
49.234.46.87,8888,高匿,HTTP,0.118,13天,20-04-03 01:20
121.237.148.201,3000,高匿,HTTP,0.134,89天,20-04-02 23:20
110.73.2.96,8123,高匿,HTTP,4.313,1499天,20-04-02 23:20
222.95.144.129,3000,高匿,HTTPS,2.199,18小时,20-04-02 22:21
222.95.144.119,3000,高匿,HTTPS,0.429,44天,20-04-02 21:20
222.95.144.195,3000,高匿,HTTP,3.034,1分钟,20-04-02 21:20
121.237.149.88,3000,高匿,HTTP,1.384,38天,20-04-02 21:20
112.247.169.33,8060,高匿,HTTP,0.096,1分钟,20-04-02 20:21
121.237.149.26,3000,高匿,HTTPS,1.491,4天,20-04-02 20:20
121.237.149.163,3000,高匿,HTTP,1.322,11天,20-04-02 19:20
121.237.149.118,3000,高匿,HTTP,0.339,14天,20-04-02 19:00
117.88.176.228,3000,高匿,HTTP,0.624,3天,20-04-02 18:21
121.237.149.73,3000,高匿,HTTP,7.35,26天,20-04-02 18:20
117.88.176.250,3000,高匿,HTTPS,0.975,1分钟,20-04-02 18:00
117.88.177.20,3000,高匿,HTTP,0.336,2天,20-04-02 17:20
121.237.149.102,3000,高匿,HTTPS,0.137,49天,20-04-02 17:20
117.88.5.105,3000,高匿,HTTP,0.328,35天,20-04-02 17:00
117.88.177.94,3000,高匿,HTTPS,0.137,35天,20-04-02 16:00
115.223.99.148,8010,高匿,HTTPS,2.066,1分钟,20-04-02 16:00
117.88.5.25,3000,高匿,HTTP,3.175,1分钟,20-04-02 15:20
117.88.4.211,3000,高匿,HTTP,0.132,51天,20-04-02 15:20
222.95.144.191,3000,高匿,HTTP,0.629,1分钟,20-04-02 14:20
117.88.4.69,3000,高匿,HTTP,6.461,1分钟,20-04-02 14:20
117.88.177.151,3000,高匿,HTTPS,0.136,125天,20-04-02 13:20
121.237.148.209,3000,高匿,HTTP,5.766,25天,20-04-02 13:00
117.88.176.211,3000,高匿,HTTPS,0.137,35天,20-04-02 12:20
117.88.177.173,3000,高匿,HTTP,0.43,16天,20-04-02 12:20
117.88.5.154,3000,高匿,HTTPS,3.29,1分钟,20-04-02 12:00
117.88.4.61,3000,高匿,HTTP,0.625,28天,20-04-02 11:20
117.88.5.208,3000,高匿,HTTP,0.345,1天,20-04-02 10:20
117.88.4.113,3000,高匿,HTTP,6.869,3天,20-04-02 10:20
117.88.4.111,3000,高匿,HTTP,0.891,1分钟,20-04-02 09:20
114.234.150.59,8060,高匿,HTTP,0.14,1分钟,20-04-02 07:21
121.237.148.176,3000,高匿,HTTPS,0.336,44天,20-04-02 07:20
115.223.64.168,8010,高匿,HTTPS,3.375,1分钟,20-04-02 07:00
121.237.148.147,3000,高匿,HTTPS,3.025,1天,20-04-02 06:20
121.237.148.159,3000,高匿,HTTP,0.777,94天,20-04-02 05:21
223.241.117.153,8010,高匿,HTTPS,5.99,820天,20-04-02 05:00
222.95.144.206,3000,高匿,HTTPS,2.495,20天,20-04-02 04:00
117.88.177.11,3000,高匿,HTTP,1.381,16天,20-04-02 04:00
121.237.149.100,3000,高匿,HTTP,1.844,1分钟,20-04-02 02:20
113.128.8.35,9999,高匿,HTTPS,0.186,100天,20-04-02 02:20
121.237.149.168,3000,高匿,HTTP,2.468,27天,20-04-02 01:20
121.237.149.23,3000,高匿,HTTPS,0.167,5天,20-04-02 00:20
221.13.191.152,8118,高匿,HTTP,2.294,1分钟,20-04-01 23:20
222.95.144.130,3000,高匿,HTTPS,0.905,26天,20-04-01 23:00
222.95.144.180,3000,高匿,HTTP,0.133,120天,20-04-01 22:00
222.95.144.236,3000,高匿,HTTP,5.057,24天,20-04-01 21:20
115.223.107.150,8010,高匿,HTTP,7.93,597天,20-04-01 21:00
222.95.144.57,3000,高匿,HTTPS,1.024,3小时,20-04-01 20:21
121.237.148.45,3000,高匿,HTTP,0.468,1分钟,20-04-01 20:20
121.237.148.78,3000,高匿,HTTPS,0.154,16天,20-04-01 20:20
121.237.149.19,3000,高匿,HTTPS,0.337,12天,20-04-01 20:00
222.95.144.188,3000,高匿,HTTPS,0.686,1分钟,20-04-01 20:00
116.226.153.90,8060,高匿,HTTP,3.233,1分钟,20-04-01 19:21
175.8.109.23,8118,高匿,HTTP,3.136,1分钟,20-04-01 19:20
117.88.177.121,3000,高匿,HTTPS,2.853,1分钟,20-04-01 19:00
222.95.144.27,3000,高匿,HTTP,0.797,26天,20-04-01 19:00
121.237.148.173,3000,高匿,HTTPS,0.449,30天,20-04-01 18:00
117.88.177.251,3000,高匿,HTTPS,0.331,27天,20-04-01 17:00
117.88.4.163,3000,高匿,HTTP,3.609,24天,20-04-01 16:20
117.88.176.249,3000,高匿,HTTP,1.629,23天,20-04-01 16:00
121.237.148.140,3000,高匿,HTTP,0.532,1分钟,20-04-01 15:20
117.88.177.163,3000,高匿,HTTPS,0.139,119天,20-04-01 14:20
222.95.144.122,3000,高匿,HTTPS,0.136,31天,20-04-01 14:00
117.88.176.13,3000,高匿,HTTP,0.768,1分钟,20-04-01 13:20
121.237.148.143,3000,高匿,HTTP,1.385,21天,20-04-01 12:21
121.237.148.189,3000,高匿,HTTP,0.943,1分钟,20-04-01 11:20
117.88.5.122,3000,高匿,HTTPS,0.132,32天,20-04-01 11:00
60.217.142.118,8060,高匿,HTTP,0.092,1分钟,20-04-01 10:21
117.88.176.7,3000,高匿,HTTP,0.343,1分钟,20-04-01 10:20
117.88.176.66,3000,高匿,HTTP,0.15,154天,20-04-01 10:20
222.95.144.18,3000,高匿,HTTPS,0.453,1分钟,20-04-01 10:00
117.88.176.126,3000,高匿,HTTPS,1.857,6天,20-04-01 09:20
115.219.173.47,8118,高匿,HTTPS,0.19,3天,20-04-01 09:00
223.241.116.148,18118,高匿,HTTPS,0.146,731天,20-04-01 07:00
121.237.149.66,3000,高匿,HTTP,0.139,33天,20-04-01 06:20
222.128.9.235,59593,高匿,HTTPS,0.032,552天,20-04-01 06:20
121.237.148.22,3000,高匿,HTTP,3.607,17小时,20-04-01 06:00
121.237.148.90,3000,高匿,HTTPS,0.138,117天,20-04-01 05:00
222.95.144.167,3000,高匿,HTTPS,0.134,31天,20-04-01 04:00
123.115.249.208,8118,高匿,HTTPS,3.038,1分钟,20-04-01 02:00
222.95.144.37,3000,高匿,HTTPS,0.604,12天,20-04-01 01:00
121.237.148.50,3000,高匿,HTTP,1.785,1分钟,20-03-31 23:21
121.237.149.228,3000,高匿,HTTP,0.427,30天,20-03-31 23:00
115.208.86.200,8118,高匿,HTTP,1.156,1分钟,20-03-31 22:20
1.202.116.62,8118,高匿,HTTP,0.029,8天,20-03-31 22:00
121.237.148.62,3000,高匿,HTTP,0.138,33天,20-03-31 20:20
121.237.148.226,3000,高匿,HTTP,0.92,8小时,20-03-31 19:20
121.237.149.81,3000,高匿,HTTP,0.343,10天,20-03-31 19:00
121.237.148.230,3000,高匿,HTTP,1.808,4小时,20-03-31 18:20
121.237.149.223,3000,高匿,HTTP,5.242,20小时,20-03-31 18:00
117.88.5.28,3000,高匿,HTTP,0.332,31天,20-03-31 18:00
117.88.176.122,3000,高匿,HTTPS,1.135,38天,20-03-31 17:00
117.88.4.83,3000,高匿,HTTPS,1.137,1分钟,20-03-31 17:00
117.88.4.57,3000,高匿,HTTP,1.144,1分钟,20-03-31 16:20
117.88.176.57,3000,高匿,HTTP,0.134,37天,20-03-31 16:00
222.95.144.24,3000,高匿,HTTPS,0.167,98天,20-03-31 15:20
222.95.144.249,3000,高匿,HTTPS,0.363,3小时,20-03-31 15:20
117.88.4.230,3000,高匿,HTTPS,0.842,28天,20-03-31 15:00
117.88.176.187,3000,高匿,HTTPS,0.159,38天,20-03-31 15:00
117.88.176.151,3000,高匿,HTTPS,0.136,74天,20-03-31 14:20
117.88.177.108,3000,高匿,HTTPS,5.73,1分钟,20-03-31 14:00
117.88.4.237,3000,高匿,HTTP,1.137,1分钟,20-03-31 13:20
117.88.177.139,3000,高匿,HTTP,0.132,42天,20-03-31 13:00
121.237.148.239,3000,高匿,HTTP,0.348,2天,20-03-31 12:20
117.88.177.128,3000,高匿,HTTP,0.454,3天,20-03-31 12:20
117.88.5.32,3000,高匿,HTTPS,0.341,11天,20-03-31 10:20
117.88.176.192,3000,高匿,HTTPS,0.135,112天,20-03-31 10:00
110.73.3.7,8123,高匿,HTTP,1.177,1511天,20-03-31 09:00
183.158.4.58,53281,高匿,HTTPS,4.583,1分钟,20-03-31 08:00
121.237.148.199,3000,高匿,HTTPS,0.135,32天,20-03-31 08:00
121.237.149.128,3000,高匿,HTTPS,2.941,4小时,20-03-31 06:00
222.95.144.142,3000,高匿,HTTPS,0.429,23天,20-03-31 05:00
121.237.149.46,3000,高匿,HTTPS,0.634,1分钟,20-03-31 05:00
222.95.144.224,3000,高匿,HTTP,0.811,1分钟,20-03-31 04:20
121.237.149.249,3000,高匿,HTTPS,0.438,22天,20-03-31 03:00
121.237.149.106,3000,高匿,HTTP,0.621,25天,20-03-31 00:20
42.242.73.42,8118,高匿,HTTPS,3.539,1分钟,20-03-31 00:00
222.95.144.208,3000,高匿,HTTPS,0.628,1分钟,20-03-30 23:00
171.35.63.57,8118,高匿,HTTPS,7.167,1分钟,20-03-30 23:00
222.95.144.231,3000,高匿,HTTPS,3.815,10天,20-03-30 22:00
1.83.123.215,8118,高匿,HTTPS,3.154,1分钟,20-03-30 22:00
222.95.144.209,3000,高匿,HTTP,4.093,24天,20-03-30 21:00
222.95.144.8,3000,高匿,HTTPS,0.339,15天,20-03-30 20:20
222.95.144.58,3000,高匿,HTTP,1.356,31天,20-03-30 20:20
222.95.144.199,3000,高匿,HTTP,0.134,100天,20-03-30 20:00
117.88.176.227,3000,高匿,HTTP,1.455,12天,20-03-30 19:20
117.88.5.239,3000,高匿,HTTP,0.457,1分钟,20-03-30 18:21
117.88.4.80,3000,高匿,HTTP,0.472,23天,20-03-30 17:20
121.237.148.52,3000,高匿,HTTP,7.933,15天,20-03-30 17:00
117.88.177.46,3000,高匿,HTTPS,1.361,15天,20-03-30 16:00
121.237.148.161,3000,高匿,HTTP,0.326,26天,20-03-30 16:00
14.118.215.245,8118,高匿,HTTP,0.405,1分钟,20-03-30 15:21
117.88.5.76,3000,高匿,HTTP,0.335,8天,20-03-30 15:20
121.237.149.208,3000,高匿,HTTPS,1.011,1分钟,20-03-30 15:00
117.88.5.106,3000,高匿,HTTPS,3.805,20小时,20-03-30 13:20
117.88.5.245,3000,高匿,HTTPS,0.133,46天,20-03-30 12:00
125.110.68.91,8118,高匿,HTTP,0.24,1分钟,20-03-30 08:20
118.187.58.34,53281,高匿,HTTP,1.137,952天,20-03-30 06:20
218.93.106.200,8118,高匿,HTTPS,0.188,1分钟,20-03-30 05:00
121.237.149.155,3000,高匿,HTTP,0.333,1分钟,20-03-30 01:20
115.148.241.112,8118,高匿,HTTPS,3.186,1分钟,20-03-30 00:00
121.237.149.141,3000,高匿,HTTP,0.348,8天,20-03-29 23:20
222.95.144.246,3000,高匿,HTTPS,1.339,25天,20-03-29 22:20
222.95.144.66,3000,高匿,HTTP,1.625,5天,20-03-29 21:20
117.88.177.84,3000,高匿,HTTPS,0.462,8天,20-03-29 19:20
222.95.144.218,3000,高匿,HTTPS,0.453,18小时,20-03-29 18:20
183.147.228.187,8118,高匿,HTTPS,0.159,1分钟,20-03-29 18:00
117.88.4.37,3000,高匿,HTTPS,0.139,121天,20-03-29 17:21
117.88.176.42,3000,高匿,HTTPS,1.79,15天,20-03-29 17:20
121.237.149.67,3000,高匿,HTTP,0.794,1分钟,20-03-29 17:20
117.88.177.105,3000,高匿,HTTPS,7.485,1分钟,20-03-29 17:00
117.88.4.235,3000,高匿,HTTPS,0.335,32天,20-03-29 17:00
121.237.149.125,3000,高匿,HTTP,0.341,29天,20-03-29 16:20
117.88.176.115,3000,高匿,HTTPS,0.138,29天,20-03-29 16:20
117.88.177.136,3000,高匿,HTTP,0.335,23天,20-03-29 16:00
125.123.120.204,6672,高匿,socks4/5,1.417,2565天,20-03-29 15:21
117.88.176.37,3000,高匿,HTTPS,0.135,84天,20-03-29 15:21
117.88.4.92,3000,高匿,HTTPS,0.908,1分钟,20-03-29 15:00
117.88.177.54,3000,高匿,HTTP,1.459,23天,20-03-29 14:20
117.88.4.74,3000,高匿,HTTPS,1.328,41天,20-03-29 13:20
117.88.4.55,3000,高匿,HTTPS,0.306,102天,20-03-29 12:20
222.95.144.97,3000,高匿,HTTPS,0.131,30天,20-03-29 12:20
117.88.177.180,3000,高匿,HTTP,0.451,1分钟,20-03-29 11:20
175.8.108.110,8118,高匿,HTTP,3.161,1分钟,20-03-29 11:20
113.120.60.123,8010,高匿,HTTPS,2.609,1分钟,20-03-29 10:00
113.65.45.104,8118,高匿,HTTP,7.277,3小时,20-03-29 06:00
121.237.148.29,3000,高匿,HTTP,0.331,59分钟,20-03-29 03:20
223.199.1.185,8118,高匿,HTTP,7.353,1天,20-03-29 02:00
111.177.169.18,8118,高匿,HTTPS,7.185,1分钟,20-03-29 00:00
121.237.148.113,3000,高匿,HTTP,0.135,29天,20-03-28 22:20
121.237.149.251,3000,高匿,HTTPS,0.139,42天,20-03-28 21:00
121.237.149.44,3000,高匿,HTTP,0.135,29天,20-03-28 19:00
121.237.149.31,3000,高匿,HTTP,0.723,8天,20-03-28 17:00
117.88.4.94,3000,高匿,HTTP,0.139,29天,20-03-28 16:00
117.88.5.103,3000,高匿,HTTPS,0.325,10天,20-03-28 15:21
117.88.176.230,3000,高匿,HTTP,1.322,1分钟,20-03-28 15:20
121.237.148.53,3000,高匿,HTTPS,0.336,64天,20-03-28 15:00
139.196.140.179,8888,高匿,HTTP,0.11,31天,20-03-28 14:20
121.237.148.238,3000,高匿,HTTPS,1.908,1天,20-03-28 14:20
171.35.50.114,8118,高匿,HTTPS,1.206,1分钟,20-03-28 14:00
122.230.144.151,8118,高匿,HTTP,0.256,1天,20-03-28 11:00
121.237.148.105,3000,高匿,HTTP,0.142,27天,20-03-28 08:00
49.83.243.248,8118,高匿,HTTPS,0.138,1天,20-03-28 06:00
113.65.152.51,3128,高匿,HTTPS,2.31,1分钟,20-03-28 03:00
119.41.195.248,53281,高匿,HTTP,2.08,6小时,20-03-28 02:00
27.47.208.104,8118,高匿,HTTP,3.9,1分钟,20-03-27 23:20
121.237.149.39,3000,高匿,HTTPS,0.317,11天,20-03-27 21:21
121.237.149.127,3000,高匿,HTTP,0.727,1分钟,20-03-27 20:20
115.197.29.254,8118,高匿,HTTPS,1.2,12小时,20-03-27 19:20
115.218.154.71,8118,高匿,HTTPS,3.162,1分钟,20-03-27 19:00
117.88.4.227,3000,高匿,HTTPS,0.147,88天,20-03-27 18:20
117.88.4.128,3000,高匿,HTTP,0.304,27天,20-03-27 18:00
117.88.5.62,3000,高匿,HTTP,0.144,147天,20-03-27 17:20
117.88.4.104,3000,高匿,HTTPS,0.71,1分钟,20-03-27 17:00
42.55.252.102,1133,高匿,HTTPS,0.236,1分钟,20-03-27 16:00
59.110.243.174,8888,高匿,HTTPS,0.013,560天,20-03-27 15:20
121.237.149.195,3000,高匿,HTTPS,0.436,13天,20-03-27 15:00
117.88.5.107,3000,高匿,HTTPS,2.069,11天,20-03-27 14:20
117.88.177.216,3000,高匿,HTTP,0.409,88天,20-03-27 13:20
182.115.163.101,8118,高匿,HTTP,0.11,1小时,20-03-27 13:01
121.237.149.162,3000,高匿,HTTP,0.44,9小时,20-03-27 11:20
222.95.144.185,3000,高匿,HTTPS,0.135,37天,20-03-27 10:20
117.88.4.223,3000,高匿,HTTP,0.342,1分钟,20-03-27 10:20
121.237.149.227,3000,高匿,HTTP,0.143,83天,20-03-27 08:20
121.237.148.151,3000,高匿,HTTP,0.802,19天,20-03-27 07:20
121.237.148.63,3000,高匿,HTTP,0.333,23小时,20-03-27 07:20
121.237.149.243,3000,高匿,HTTPS,1.483,16天,20-03-27 05:00
121.237.149.74,3000,高匿,HTTP,0.177,27天,20-03-27 04:20
222.95.144.85,3000,高匿,HTTP,0.136,28天,20-03-27 03:20
117.94.213.117,8118,高匿,HTTP,1.14,5天,20-03-27 03:00
121.237.148.212,3000,高匿,HTTPS,0.906,3天,20-03-27 00:20
121.237.148.44,3000,高匿,HTTP,3.897,5天,20-03-26 23:20
121.237.149.41,3000,高匿,HTTP,0.911,7天,20-03-26 23:00
121.238.205.101,8118,高匿,HTTP,0.142,6天,20-03-26 21:20
49.75.223.20,8010,高匿,HTTPS,3.588,1分钟,20-03-26 21:00
121.237.149.158,3000,高匿,HTTP,0.324,34天,20-03-26 20:20
121.237.148.182,3000,高匿,HTTPS,0.134,27天,20-03-26 18:20
117.88.177.192,3000,高匿,HTTPS,1.361,1分钟,20-03-26 18:00
121.237.148.49,3000,高匿,HTTPS,1.1,1分钟,20-03-26 16:00
121.237.149.76,3000,高匿,HTTP,0.448,1分钟,20-03-26 15:20
121.237.149.71,3000,高匿,HTTP,0.455,1分钟,20-03-26 15:20
113.65.10.226,8000,高匿,HTTP,7.194,1分钟,20-03-26 14:20
117.88.176.43,3000,高匿,HTTPS,0.334,1分钟,20-03-26 09:00
117.88.176.154,3000,高匿,HTTP,1.364,21天,20-03-26 08:20
106.122.205.131,8118,高匿,HTTPS,3.267,5小时,20-03-26 07:00
118.78.196.142,8118,高匿,HTTP,0.091,155天,20-03-26 04:00
114.101.44.137,65309,高匿,HTTP,2.955,1分钟,20-03-25 23:20
175.8.108.109,8118,高匿,HTTPS,1.72,1分钟,20-03-25 23:00
115.223.91.210,8010,高匿,HTTPS,1.696,669天,20-03-25 21:00
121.237.149.212,3000,高匿,HTTP,0.337,16天,20-03-25 20:20
121.237.149.28,3000,高匿,HTTPS,0.336,1分钟,20-03-25 20:00
110.73.4.196,8123,高匿,HTTPS,4.894,1074天,20-03-25 19:00
121.227.179.238,8118,高匿,HTTP,1.135,1分钟,20-03-25 14:21
114.233.201.7,8118,高匿,HTTP,0.212,12天,20-03-25 09:20
115.218.137.95,8118,高匿,HTTP,0.156,1分钟,20-03-25 04:20
119.179.130.107,8060,高匿,HTTP,0.099,1分钟,20-03-24 23:21
222.95.144.245,3000,高匿,HTTP,0.552,1分钟,20-03-24 20:20
117.88.176.213,3000,高匿,HTTP,0.466,17天,20-03-24 18:20
120.11.132.193,8118,高匿,HTTPS,1.282,1天,20-03-24 16:20
183.143.50.6,8118,高匿,HTTP,4.241,1分钟,20-03-24 12:20
59.172.27.6,53281,高匿,HTTPS,1.786,950天,20-03-24 07:00
183.147.245.40,8118,高匿,HTTP,1.222,1分钟,20-03-24 03:20
115.219.168.249,8118,高匿,HTTPS,1.213,4小时,20-03-24 02:20
115.219.106.229,8010,高匿,HTTPS,0.41,473天,20-03-23 23:20
121.237.149.176,3000,高匿,HTTPS,0.688,13天,20-03-23 22:20
121.237.149.203,3000,高匿,HTTP,0.383,1分钟,20-03-23 20:20
222.95.144.4,3000,高匿,HTTPS,0.793,1分钟,20-03-23 19:00
14.114.39.37,8118,高匿,HTTPS,0.179,1天,20-03-23 18:20
115.213.166.152,50054,高匿,HTTP,7.417,1分钟,20-03-23 17:21
106.122.205.9,8118,高匿,HTTP,0.685,1分钟,20-03-23 17:20
118.114.96.119,8118,高匿,HTTPS,0.353,3天,20-03-23 07:00
112.84.48.26,8118,高匿,HTTP,0.155,19小时,20-03-22 22:00
222.95.144.2,3000,高匿,HTTPS,0.138,112天,20-03-22 09:00
123.185.220.58,8118,高匿,HTTP,0.286,1分钟,20-03-22 04:20
121.31.101.217,8123,高匿,HTTP,1.231,1291天,20-03-22 00:20
106.14.206.26,8118,高匿,HTTP,0.107,581天,20-03-21 21:20
222.95.144.117,3000,高匿,HTTP,1.642,1分钟,20-03-21 21:20
117.88.4.158,3000,高匿,HTTPS,0.137,142天,20-03-21 20:21
222.95.241.193,3000,高匿,HTTPS,1.373,1分钟,20-03-21 19:00
117.88.4.119,3000,高匿,HTTPS,0.138,111天,20-03-21 18:20
115.219.175.222,8118,高匿,HTTP,0.185,1分钟,20-03-21 17:20
117.88.5.211,3000,高匿,HTTP,0.328,6天,20-03-21 16:20
222.95.240.228,3000,高匿,HTTPS,0.249,22天,20-03-21 14:20
121.237.149.54,3000,高匿,HTTP,0.873,1分钟,20-03-21 14:20
222.95.240.238,3000,高匿,HTTPS,7.568,1分钟,20-03-21 14:00
222.95.241.123,3000,高匿,HTTPS,0.451,1分钟,20-03-21 13:00
117.62.173.31,8118,高匿,HTTP,0.13,3天,20-03-21 12:20
222.95.241.236,3000,高匿,HTTP,0.134,23天,20-03-21 11:20
121.237.148.216,3000,高匿,HTTP,0.345,19天,20-03-21 11:00
222.95.241.243,3000,高匿,HTTP,0.185,19天,20-03-21 10:00
180.118.252.180,8118,高匿,HTTP,0.19,12天,20-03-21 09:20
117.88.177.131,3000,高匿,HTTP,7.948,9天,20-03-21 08:21
117.88.4.36,3000,高匿,HTTP,1.663,1分钟,20-03-21 08:20
117.88.176.176,3000,高匿,HTTP,0.292,82天,20-03-21 07:20
117.88.4.20,3000,高匿,HTTPS,0.908,1分钟,20-03-21 07:00
117.88.5.167,3000,高匿,HTTP,0.457,1分钟,20-03-21 05:20
117.88.5.207,3000,高匿,HTTPS,4.431,1分钟,20-03-21 05:00
117.88.177.3,3000,高匿,HTTPS,0.588,81天,20-03-21 03:20
117.81.241.156,8010,高匿,HTTPS,1.056,574天,20-03-21 02:21
121.237.148.191,3000,高匿,HTTP,0.399,1天,20-03-21 01:20
117.88.4.13,3000,高匿,HTTPS,5.862,1分钟,20-03-21 01:00
222.95.144.121,3000,高匿,HTTP,0.346,1分钟,20-03-21 00:20
121.237.149.207,3000,高匿,HTTP,2.411,1分钟,20-03-20 23:20
222.95.144.171,3000,高匿,HTTPS,0.41,1分钟,20-03-20 23:00
121.237.149.2,3000,高匿,HTTP,1.104,1分钟,20-03-20 22:20
121.237.149.237,3000,高匿,HTTPS,0.926,1分钟,20-03-20 22:00
222.95.240.51,3000,高匿,HTTPS,0.436,20天,20-03-20 22:00
118.250.0.159,8060,高匿,HTTP,7.13,1分钟,20-03-20 21:21
121.237.148.202,3000,高匿,HTTP,1.017,12天,20-03-20 21:20
117.88.4.232,3000,高匿,HTTP,1.825,1分钟,20-03-20 18:21
112.237.68.133,8118,高匿,HTTP,0.234,1分钟,20-03-20 14:20
222.95.240.133,3000,高匿,HTTPS,0.139,29天,20-03-20 14:20
117.88.5.44,3000,高匿,HTTP,4.879,1分钟,20-03-20 13:20
117.88.5.233,3000,高匿,HTTP,0.345,2天,20-03-20 13:20
117.88.4.116,3000,高匿,HTTPS,1.373,31天,20-03-20 13:00
175.175.216.247,1133,高匿,HTTPS,0.776,578天,20-03-20 12:20
121.237.149.38,3000,高匿,HTTPS,1.362,2小时,20-03-20 12:00
117.88.4.50,3000,高匿,HTTP,1.367,1分钟,20-03-20 11:20
117.88.177.171,3000,高匿,HTTP,0.136,34天,20-03-20 11:20
222.95.240.75,3000,高匿,HTTP,1.458,1分钟,20-03-20 09:20
121.237.148.10,3000,高匿,HTTP,0.135,97天,20-03-20 08:00
117.88.4.171,3000,高匿,HTTP,0.624,2天,20-03-20 06:20
117.88.4.48,3000,高匿,HTTP,0.342,1分钟,20-03-20 05:20
117.88.176.106,3000,高匿,HTTPS,0.432,2天,20-03-20 04:20
222.208.223.24,63000,高匿,HTTPS,0.259,628天,20-03-20 04:00
117.88.5.36,3000,高匿,HTTPS,2.523,1分钟,20-03-20 03:00
121.237.148.67,3000,高匿,HTTPS,0.331,1分钟,20-03-20 02:00
220.171.90.158,8060,高匿,HTTP,1.241,21天,20-03-20 01:21
117.88.176.89,3000,高匿,HTTPS,4.615,11小时,20-03-20 01:00
117.88.177.83,3000,高匿,HTTPS,4.437,11天,20-03-20 00:20
117.88.176.200,3000,高匿,HTTPS,1.018,31天,20-03-20 00:00
222.95.144.32,3000,高匿,HTTPS,0.142,31天,20-03-19 22:20
117.88.5.67,3000,高匿,HTTPS,1.321,15天,20-03-19 22:00
117.88.4.246,3000,高匿,HTTPS,0.32,1分钟,20-03-19 21:00
222.95.240.70,3000,高匿,HTTP,1.344,1分钟,20-03-19 19:20
117.88.5.159,3000,高匿,HTTP,3.707,8小时,20-03-19 18:21
222.95.240.227,3000,高匿,HTTP,1.395,1分钟,20-03-19 17:21
117.88.4.136,3000,高匿,HTTP,0.328,1分钟,20-03-19 17:20
183.143.42.232,8118,高匿,HTTPS,3.159,1分钟,20-03-19 17:00
117.88.5.118,3000,高匿,HTTPS,0.321,2天,20-03-19 17:00
117.88.176.39,3000,高匿,HTTP,0.136,21天,20-03-19 16:20
117.88.4.225,3000,高匿,HTTPS,0.134,74天,20-03-19 15:00
60.167.21.250,8118,高匿,HTTP,0.132,20小时,20-03-19 14:20
117.88.176.134,3000,高匿,HTTP,0.139,20天,20-03-19 14:00
222.95.144.138,3000,高匿,HTTP,2.318,1分钟,20-03-19 13:20
121.237.149.229,3000,高匿,HTTP,0.413,5天,20-03-19 13:00
121.237.148.57,3000,高匿,HTTP,0.273,1分钟,20-03-19 12:21
117.88.176.234,3000,高匿,HTTPS,0.136,130天,20-03-19 12:20
175.175.218.219,1133,高匿,HTTPS,0.262,542天,20-03-19 11:21
222.95.241.58,3000,高匿,HTTP,0.332,1分钟,20-03-19 09:20
111.76.248.25,8118,高匿,HTTPS,0.223,1分钟,20-03-19 08:00
122.192.38.47,8118,高匿,HTTP,0.315,1分钟,20-03-19 07:20
121.31.102.26,8123,高匿,HTTPS,7.756,1分钟,20-03-19 04:00
115.219.109.3,8010,高匿,HTTP,3.853,1分钟,20-03-18 23:20
118.24.246.249,80,高匿,HTTP,1.503,20天,20-03-18 19:21
123.185.222.248,8118,高匿,HTTP,3.254,2天,20-03-18 19:21
49.68.126.78,8118,高匿,HTTP,0.14,1分钟,20-03-18 13:21
175.17.15.111,8118,高匿,HTTP,1.177,1分钟,20-03-18 10:22
182.108.46.110,1624,高匿,HTTPS,0.745,1分钟,20-03-18 08:00
120.11.132.242,8118,高匿,HTTP,0.096,20天,20-03-18 06:21
118.250.0.187,8060,高匿,HTTP,0.172,1分钟,20-03-18 05:21
182.108.46.164,1624,高匿,HTTP,4.67,1分钟,20-03-18 05:20
182.108.47.241,1624,高匿,HTTPS,7.924,1分钟,20-03-18 04:00
60.167.20.198,808,高匿,HTTPS,2.495,989天,20-03-18 03:00
175.8.110.193,8118,高匿,HTTP,0.964,39分钟,20-03-18 01:00
117.88.4.6,3000,高匿,HTTP,0.407,8小时,20-03-18 00:20
222.95.144.241,3000,高匿,HTTP,0.349,2天,20-03-17 23:20
59.33.4.41,8118,高匿,HTTP,1.395,1分钟,20-03-17 22:20
110.73.46.94,8123,高匿,HTTP,7.318,1分钟,20-03-17 21:20
121.237.148.9,3000,高匿,HTTP,0.183,18天,20-03-17 21:00
117.88.177.179,3000,高匿,HTTPS,0.146,55天,20-03-17 20:00
117.88.177.144,3000,高匿,HTTPS,0.138,30天,20-03-17 18:21
117.88.177.247,3000,高匿,HTTPS,0.327,1分钟,20-03-17 18:00
117.88.4.198,3000,高匿,HTTP,4.792,1分钟,20-03-17 16:20
121.237.149.30,3000,高匿,HTTPS,0.395,9天,20-03-17 16:20
125.72.70.46,8060,高匿,HTTP,7.179,14天,20-03-17 15:20
117.88.5.236,3000,高匿,HTTP,0.138,125天,20-03-17 14:20
117.24.81.157,61234,高匿,HTTP,0.427,1分钟,20-03-17 13:20
123.185.220.67,8118,高匿,HTTP,0.135,1分钟,20-03-17 10:20
121.228.14.163,8118,高匿,HTTPS,0.224,1分钟,20-03-17 10:00
117.88.5.2,3000,高匿,HTTP,1.669,1分钟,20-03-17 07:20
117.88.176.85,3000,高匿,HTTP,4.303,1分钟,20-03-17 05:20
218.86.200.7,8118,高匿,HTTP,0.519,1天,20-03-17 04:00
49.76.29.226,8118,高匿,HTTP,0.231,7天,20-03-17 03:00
121.237.148.13,3000,高匿,HTTP,4.595,8天,20-03-17 01:21
117.88.177.110,3000,高匿,HTTP,0.324,20小时,20-03-16 22:00
121.31.101.229,8123,高匿,HTTP,7.746,828天,20-03-16 21:20
222.95.240.140,3000,高匿,HTTP,0.317,1分钟,20-03-16 20:20
122.230.144.181,8118,高匿,HTTP,7.274,1天,20-03-16 18:20
117.88.177.40,3000,高匿,HTTP,0.148,86天,20-03-16 18:00
117.88.176.121,3000,高匿,HTTPS,1.335,1分钟,20-03-16 17:00
117.88.176.112,3000,高匿,HTTPS,0.418,1分钟,20-03-16 16:00
117.88.177.53,3000,高匿,HTTPS,7.469,10天,20-03-16 13:21
222.95.241.252,3000,高匿,HTTP,0.327,1分钟,20-03-16 11:20
118.114.96.251,8118,高匿,HTTP,0.223,5天,20-03-16 08:20
117.88.4.35,3000,高匿,HTTP,1.276,7天,20-03-16 06:00
222.95.144.39,3000,高匿,HTTPS,0.336,1天,20-03-16 04:20
222.95.144.156,3000,高匿,HTTP,0.133,17天,20-03-16 03:00
121.237.148.40,3000,高匿,HTTP,0.801,1分钟,20-03-16 01:21
117.88.176.241,3000,高匿,HTTP,3.9,22小时,20-03-16 01:00
117.88.177.202,3000,高匿,HTTP,0.252,15天,20-03-15 22:20
110.73.11.42,8123,高匿,HTTP,5.208,1087天,20-03-15 21:21
117.88.176.180,3000,高匿,HTTPS,0.129,94天,20-03-15 21:00
117.88.177.246,3000,高匿,HTTP,0.135,14天,20-03-15 20:20
117.88.5.53,3000,高匿,HTTPS,0.708,5天,20-03-15 19:20
117.88.5.90,3000,高匿,HTTP,0.327,26天,20-03-15 17:20
121.237.149.103,3000,高匿,HTTP,0.135,16天,20-03-15 16:20
117.88.177.170,3000,高匿,HTTPS,1.203,22天,20-03-15 16:20
222.95.241.96,3000,高匿,HTTPS,0.326,1分钟,20-03-15 16:00
121.237.148.249,3000,高匿,HTTP,0.594,1分钟,20-03-15 15:21
117.88.5.212,3000,高匿,HTTP,0.136,22天,20-03-15 15:00
117.88.177.65,3000,高匿,HTTPS,0.137,81天,20-03-15 14:20
222.95.240.179,3000,高匿,HTTPS,1.298,1分钟,20-03-15 14:00
222.95.241.12,3000,高匿,HTTP,0.139,14天,20-03-15 13:00
222.95.144.247,3000,高匿,HTTP,0.369,1分钟,20-03-15 11:20
222.95.241.129,3000,高匿,HTTP,0.184,15天,20-03-15 11:00
121.225.186.166,3000,高匿,HTTP,0.326,1分钟,20-03-15 10:20
117.88.177.238,3000,高匿,HTTPS,0.141,51天,20-03-15 10:00
113.110.184.249,8118,高匿,HTTP,1.284,16小时,20-03-15 09:20
117.88.4.4,3000,高匿,HTTP,1.34,1分钟,20-03-15 08:20
180.109.200.30,8118,高匿,HTTPS,0.19,3天,20-03-15 07:20
117.88.5.231,3000,高匿,HTTPS,0.138,72天,20-03-15 05:20
101.231.104.82,80,高匿,HTTP,0.124,16天,20-03-15 04:20
222.95.240.40,3000,高匿,HTTP,2.827,1分钟,20-03-15 04:20
117.88.4.197,3000,高匿,HTTPS,0.135,25天,20-03-15 04:00
117.88.4.189,3000,高匿,HTTP,0.458,1分钟,20-03-15 01:21
117.88.4.78,3000,高匿,HTTPS,0.139,103天,20-03-15 01:20
115.219.109.64,8010,高匿,HTTPS,4.346,1分钟,20-03-15 01:00
171.221.79.223,8118,高匿,HTTP,0.409,14小时,20-03-15 00:20
117.88.5.60,3000,高匿,HTTP,0.135,16天,20-03-15 00:00
117.88.5.166,3000,高匿,HTTPS,0.136,71天,20-03-14 23:00
117.88.176.34,3000,高匿,HTTP,0.138,15天,20-03-14 22:20
117.88.177.224,3000,高匿,HTTP,0.624,11小时,20-03-14 21:20
222.95.144.113,3000,高匿,HTTP,0.368,7小时,20-03-14 21:20
125.123.142.125,9999,高匿,HTTPS,1.915,436天,20-03-14 20:22
114.99.252.229,8118,高匿,HTTP,0.134,1分钟,20-03-14 19:21
222.95.240.204,3000,高匿,HTTP,0.849,1分钟,20-03-14 18:20
121.237.148.139,3000,高匿,HTTP,0.14,3天,20-03-14 16:20
222.95.240.27,3000,高匿,HTTPS,0.989,1分钟,20-03-14 16:00
221.237.37.97,8118,高匿,HTTPS,0.235,2天,20-03-14 13:21
121.237.148.250,3000,高匿,HTTPS,0.317,10天,20-03-14 13:20
121.237.148.111,3000,高匿,HTTP,0.314,10天,20-03-14 13:00
117.88.176.183,3000,高匿,HTTP,2.928,1分钟,20-03-14 12:20
123.168.67.126,8118,高匿,HTTP,0.115,2天,20-03-14 11:20
117.88.177.61,3000,高匿,HTTPS,0.133,100天,20-03-14 11:00
59.42.88.110,8118,高匿,HTTPS,1.221,2天,20-03-14 10:00
106.6.138.18,8118,高匿,HTTP,2.739,19小时,20-03-14 09:20
121.237.149.253,3000,高匿,HTTP,3.462,1分钟,20-03-13 23:20
222.95.144.111,3000,高匿,HTTPS,0.135,74天,20-03-13 22:21
121.237.149.172,3000,高匿,HTTP,1.906,1分钟,20-03-13 21:20
222.95.144.6,3000,高匿,HTTPS,2.342,1分钟,20-03-13 21:00
121.237.148.68,3000,高匿,HTTP,0.807,1分钟,20-03-13 19:20
121.237.149.166,3000,高匿,HTTPS,0.139,21天,20-03-13 18:20
117.88.177.100,3000,高匿,HTTPS,0.326,7天,20-03-13 18:20
222.95.144.221,3000,高匿,HTTP,0.904,1分钟,20-03-13 16:20
115.219.105.60,8010,高匿,HTTP,1.704,1分钟,20-03-13 15:20
121.237.148.92,3000,高匿,HTTP,2.407,1分钟,20-03-13 13:20
60.167.21.14,8118,高匿,HTTP,3.114,8小时,20-03-13 10:21
221.1.205.74,8060,高匿,HTTP,1.102,11天,20-03-13 07:21
171.80.196.14,8118,高匿,HTTPS,1.305,2天,20-03-13 02:00
121.237.149.209,3000,高匿,HTTPS,0.135,27天,20-03-13 00:20
222.95.144.162,3000,高匿,HTTP,0.133,13天,20-03-13 00:00
121.237.149.134,3000,高匿,HTTPS,0.13,89天,20-03-12 23:20
121.237.148.28,3000,高匿,HTTPS,0.32,1分钟,20-03-12 22:00
222.95.144.152,3000,高匿,HTTPS,0.134,13天,20-03-12 20:20
222.95.144.15,3000,高匿,HTTP,1.828,9天,20-03-12 19:20
117.88.176.48,3000,高匿,HTTPS,0.297,15天,20-03-12 18:20
1.83.117.56,8118,高匿,HTTP,0.111,59分钟,20-03-12 17:20
117.88.176.132,3000,高匿,HTTP,2.85,16天,20-03-12 16:00
121.237.149.132,3000,高匿,HTTP,1.335,1分钟,20-03-12 15:20
60.168.80.217,8888,高匿,HTTP,4.19,1分钟,20-03-12 15:20
121.31.101.41,8123,高匿,HTTP,3.491,1541天,20-03-12 14:22
118.114.86.231,8118,高匿,HTTP,3.331,2天,20-03-12 11:00
122.4.41.197,42506,高匿,HTTPS,0.089,1分钟,20-03-12 10:00
183.163.24.15,8118,高匿,HTTP,0.119,1分钟,20-03-12 07:20
121.237.148.30,3000,高匿,HTTP,0.372,1分钟,20-03-12 05:20
114.239.91.166,61234,高匿,HTTP,0.187,1分钟,20-03-12 03:20
121.237.148.133,3000,高匿,HTTP,0.137,12天,20-03-12 01:20
175.148.79.180,1133,高匿,HTTPS,0.14,446天,20-03-11 23:20
183.147.11.34,8118,高匿,HTTP,0.235,1天,20-03-11 19:20
117.88.5.174,3000,高匿,HTTP,0.625,1分钟,20-03-11 14:20
117.88.177.85,3000,高匿,HTTPS,0.344,1分钟,20-03-11 14:00
121.237.148.156,3000,高匿,HTTPS,0.142,68天,20-03-11 10:20
123.118.108.201,8118,高匿,HTTP,0.049,3小时,20-03-11 10:00
117.88.4.71,3000,高匿,HTTP,7.65,1分钟,20-03-11 09:20
115.223.99.186,8010,高匿,HTTP,4.143,1分钟,20-03-11 07:20
121.237.148.131,3000,高匿,HTTPS,1.719,1分钟,20-03-11 04:00
139.9.195.202,8118,高匿,HTTPS,0.528,1天,20-03-11 01:00
115.219.109.0,8010,高匿,HTTPS,0.552,1分钟,20-03-11 00:00
121.31.102.87,8123,高匿,HTTP,6.608,1348天,20-03-10 20:00
221.237.37.77,8118,高匿,HTTP,1.204,4天,20-03-10 15:00
110.73.43.190,8123,高匿,HTTPS,5.872,860天,20-03-10 11:20
175.148.75.6,1133,高匿,HTTP,0.345,1小时,20-03-10 10:20
175.148.79.129,1133,高匿,HTTP,0.21,1分钟,20-03-10 09:20
106.15.248.236,1080,高匿,HTTP,7.803,12天,20-03-10 08:21
101.205.45.220,61234,高匿,HTTP,0.222,1分钟,20-03-10 08:20
175.155.238.145,1133,高匿,HTTPS,3.583,1分钟,20-03-10 08:00
113.87.91.38,53281,高匿,HTTP,2.651,1分钟,20-03-10 05:20
113.109.214.100,8118,高匿,HTTP,0.27,7小时,20-03-10 01:20
59.33.4.204,8118,高匿,HTTP,0.25,11小时,20-03-10 00:21
110.73.45.203,8123,高匿,HTTP,7.954,1分钟,20-03-09 22:20
122.237.237.23,8118,高匿,HTTP,0.419,1分钟,20-03-09 19:20
119.134.110.69,8118,高匿,HTTP,1.305,1分钟,20-03-09 15:20
121.227.6.244,8888,高匿,HTTPS,0.143,1分钟,20-03-09 15:00
115.236.90.107,808,高匿,HTTP,0.304,1分钟,20-03-09 13:21
36.7.69.56,8060,高匿,HTTP,3.125,1分钟,20-03-09 11:21
113.88.211.105,8118,高匿,HTTP,0.176,1分钟,20-03-09 09:20
61.164.39.66,53281,高匿,HTTPS,6.409,566天,20-03-09 09:00
113.116.179.245,8118,高匿,HTTPS,0.17,1分钟,20-03-09 05:00
121.237.148.56,3000,高匿,HTTPS,0.897,2天,20-03-09 04:20
114.99.23.192,808,高匿,HTTPS,3.626,1057天,20-03-09 04:20
120.132.116.81,8080,高匿,HTTP,0.168,7天,20-03-09 04:00
182.91.243.73,8118,高匿,HTTP,3.219,1分钟,20-03-09 03:20
121.234.31.44,8118,高匿,HTTPS,0.133,6天,20-03-09 02:20
117.88.4.114,3000,高匿,HTTPS,0.131,97天,20-03-09 00:20
117.88.5.180,3000,高匿,HTTP,0.668,1分钟,20-03-08 23:20
117.88.176.248,3000,高匿,HTTP,0.13,86天,20-03-08 23:00
222.95.240.91,3000,高匿,HTTP,2.87,1分钟,20-03-08 22:20
117.88.5.210,3000,高匿,HTTP,0.464,1分钟,20-03-08 21:20
117.88.5.244,3000,高匿,HTTP,0.137,8天,20-03-08 21:20
117.88.5.175,3000,高匿,HTTPS,0.719,19天,20-03-08 21:00
117.88.5.141,3000,高匿,HTTP,0.301,8天,20-03-08 20:20
222.95.241.213,3000,高匿,HTTP,0.896,1分钟,20-03-08 18:20
121.237.148.244,3000,高匿,HTTPS,1.904,1分钟,20-03-08 18:00
222.95.241.140,3000,高匿,HTTPS,3.134,1分钟,20-03-08 17:00
117.88.5.142,3000,高匿,HTTP,0.46,1分钟,20-03-08 16:20
121.237.149.45,3000,高匿,HTTP,0.454,1分钟,20-03-08 16:20
117.88.177.175,3000,高匿,HTTP,4.647,18小时,20-03-08 16:00
222.95.144.147,3000,高匿,HTTP,0.337,3小时,20-03-08 14:20
121.237.148.54,3000,高匿,HTTPS,1.787,1分钟,20-03-08 14:00
222.95.144.193,3000,高匿,HTTPS,0.339,22小时,20-03-08 13:20
182.138.160.8,8118,高匿,HTTP,1.622,3天,20-03-08 12:20
117.88.4.219,3000,高匿,HTTP,4.604,1分钟,20-03-08 11:20
60.186.247.14,808,高匿,HTTPS,0.157,1分钟,20-03-08 11:00
222.95.240.26,3000,高匿,HTTP,0.571,1分钟,20-03-08 09:20
117.88.4.2,3000,高匿,HTTPS,0.331,6天,20-03-08 08:20
117.88.5.6,3000,高匿,HTTP,0.331,1分钟,20-03-08 08:20
121.237.149.140,3000,高匿,HTTPS,0.223,9天,20-03-08 07:00
222.95.144.108,3000,高匿,HTTP,0.625,1分钟,20-03-08 05:20
124.133.49.67,63000,高匿,HTTP,0.178,1565天,20-03-08 05:01
121.237.149.83,3000,高匿,HTTP,1.498,1分钟,20-03-08 03:21
117.88.176.215,3000,高匿,HTTPS,0.137,15天,20-03-08 03:20
14.118.207.34,8118,高匿,HTTPS,7.276,1分钟,20-03-08 03:00
117.88.5.140,3000,高匿,HTTP,0.146,121天,20-03-08 00:20
115.204.98.134,8118,高匿,HTTPS,1.135,3天,20-03-07 23:21
1.193.21.25,1080,高匿,HTTP,0.158,10小时,20-03-07 23:00
122.192.38.207,8118,高匿,HTTP,0.167,1天,20-03-07 21:21
118.78.196.81,8118,高匿,HTTP,0.091,4天,20-03-07 21:20
222.95.241.147,3000,高匿,HTTPS,2.709,1分钟,20-03-07 21:00
115.204.70.15,8118,高匿,HTTP,0.252,1分钟,20-03-07 20:20
121.237.149.154,3000,高匿,HTTPS,0.627,1分钟,20-03-07 19:00
117.88.4.106,3000,高匿,HTTPS,0.135,18天,20-03-07 18:00
117.88.176.4,3000,高匿,HTTPS,0.14,29天,20-03-07 18:00
117.88.176.73,3000,高匿,HTTPS,0.451,1分钟,20-03-07 17:00
222.95.241.196,3000,高匿,HTTPS,0.753,1分钟,20-03-07 16:00
222.95.144.164,3000,高匿,HTTPS,1.395,29天,20-03-07 15:20
119.136.88.187,808,高匿,HTTP,0.445,618天,20-03-07 13:20
27.43.108.60,8118,高匿,HTTP,0.193,1分钟,20-03-07 12:20
119.123.76.117,8118,高匿,HTTP,0.167,1分钟,20-03-07 10:21
58.212.111.176,8118,高匿,HTTP,0.216,1分钟,20-03-07 10:20
113.116.140.117,8118,高匿,HTTP,7.185,14小时,20-03-07 08:20
49.85.59.166,8118,高匿,HTTP,0.165,5天,20-03-07 07:20
117.88.4.217,3000,高匿,HTTP,0.133,6天,20-03-07 05:20
121.237.148.169,3000,高匿,HTTPS,1.366,1分钟,20-03-07 04:00
121.17.210.114,8060,高匿,HTTP,0.065,3天,20-03-07 03:20
117.88.5.97,8118,高匿,HTTP,5.263,1356天,20-03-07 03:20
222.95.144.177,3000,高匿,HTTPS,0.33,1分钟,20-03-07 03:00
119.123.78.218,8118,高匿,HTTP,7.224,16小时,20-03-07 02:20
121.238.149.62,8118,高匿,HTTP,1.138,1分钟,20-03-07 01:21
117.88.176.52,3000,高匿,HTTPS,0.32,67天,20-03-07 01:20
115.223.121.169,8010,高匿,HTTP,6.298,479天,20-03-07 00:00
222.95.144.189,3000,高匿,HTTP,0.161,6天,20-03-06 23:20
222.95.144.228,3000,高匿,HTTPS,2.026,1分钟,20-03-06 22:00
222.95.144.79,3000,高匿,HTTPS,0.808,1分钟,20-03-06 20:00
121.237.148.219,3000,高匿,HTTP,0.334,17小时,20-03-06 19:20
59.42.89.164,8118,高匿,HTTPS,0.177,12小时,20-03-06 17:21
115.213.180.190,50210,高匿,HTTP,3.319,1分钟,20-03-06 16:21
123.185.223.137,8118,高匿,HTTP,1.187,1分钟,20-03-06 16:20
123.163.67.50,8118,高匿,HTTP,0.121,1分钟,20-03-06 15:21
220.189.70.176,8888,高匿,HTTPS,0.158,1分钟,20-03-06 15:00
180.116.150.211,8118,高匿,HTTP,0.147,1天,20-03-06 14:20
123.171.5.82,8118,高匿,HTTP,0.284,5天,20-03-06 13:00
180.103.236.34,8118,高匿,HTTP,0.148,4天,20-03-06 10:21
1.83.117.58,8118,高匿,HTTP,0.108,1分钟,20-03-06 08:20
118.251.89.71,3128,高匿,HTTP,2.369,40分钟,20-03-06 08:00
49.73.239.176,8118,高匿,HTTP,1.137,1分钟,20-03-06 07:20
222.95.144.124,3128,高匿,HTTPS,3.143,1分钟,20-03-06 03:00
58.32.34.219,8118,高匿,HTTP,0.125,5天,20-03-06 02:20
117.88.4.89,3000,高匿,HTTP,0.134,93天,20-03-06 00:21
115.213.182.97,50082,高匿,HTTPS,3.992,15小时,20-03-05 23:20
121.237.149.78,3000,高匿,HTTP,0.342,1分钟,20-03-05 21:20
117.88.4.201,3000,高匿,HTTP,0.889,1分钟,20-03-05 20:21
222.95.240.199,3000,高匿,HTTP,0.789,13天,20-03-05 19:00
183.32.252.173,8118,高匿,HTTP,0.268,1天,20-03-05 18:20
117.88.4.46,3000,高匿,HTTP,1.012,1分钟,20-03-05 18:20
223.199.6.196,8118,高匿,HTTP,0.319,23小时,20-03-05 17:21
117.88.176.120,3000,高匿,HTTP,0.34,1分钟,20-03-05 14:20
117.88.177.212,3000,高匿,HTTPS,0.136,95天,20-03-05 14:00
125.123.138.192,9999,高匿,HTTPS,0.631,421天,20-03-05 13:20
182.108.62.195,1624,高匿,HTTP,0.146,1分钟,20-03-05 12:20
115.213.161.112,50003,高匿,HTTPS,4.876,14小时,20-03-05 10:20
113.116.50.227,53281,高匿,HTTPS,3.457,1分钟,20-03-05 10:00
123.185.222.191,8118,高匿,HTTP,0.166,1小时,20-03-05 08:21
110.73.9.56,8123,高匿,HTTP,3.343,1450天,20-03-05 08:00
122.225.207.241,8080,高匿,HTTP,0.345,1分钟,20-03-05 07:20
175.148.73.114,1133,高匿,HTTP,0.148,602天,20-03-05 06:00
115.195.86.133,8118,高匿,HTTP,7.148,109天,20-03-05 04:21
119.134.110.144,8118,高匿,HTTP,0.226,9小时,20-03-05 03:00
140.255.4.87,1081,高匿,HTTP,0.091,1分钟,20-03-05 02:21
27.203.243.164,8060,高匿,HTTP,0.093,1分钟,20-03-05 01:21
175.165.130.173,1133,高匿,HTTPS,2.817,692天,20-03-05 00:20
117.88.4.82,3000,高匿,HTTPS,1.324,1分钟,20-03-05 00:00
27.43.108.164,8118,高匿,HTTP,5.983,1分钟,20-03-04 23:20
140.255.3.126,1081,高匿,HTTP,0.441,1分钟,20-03-04 22:21
140.255.3.92,1081,高匿,HTTP,0.098,1分钟,20-03-04 22:20
115.219.175.1,8118,高匿,HTTP,1.287,11小时,20-03-04 21:20
222.95.240.37,3000,高匿,HTTP,3.736,1分钟,20-03-04 21:20
119.41.192.85,53281,高匿,HTTPS,4.153,1分钟,20-03-04 20:00
117.88.4.3,3000,高匿,HTTP,0.472,1分钟,20-03-04 19:20
171.38.133.158,8123,高匿,HTTP,0.484,1078天,20-03-04 18:00
223.198.3.47,8118,高匿,HTTPS,0.229,1分钟,20-03-04 17:00
59.52.185.145,1624,高匿,HTTPS,6.022,1分钟,20-03-04 16:00
122.193.34.78,8118,高匿,HTTP,7.178,1分钟,20-03-04 14:20
115.200.235.60,8118,高匿,HTTPS,0.223,22小时,20-03-04 13:21
113.110.253.243,8118,高匿,HTTPS,0.16,1分钟,20-03-04 13:00
58.208.126.194,8118,高匿,HTTP,3.193,4天,20-03-04 12:21
117.88.177.74,3000,高匿,HTTP,0.416,1分钟,20-03-04 12:20
171.221.86.108,8118,高匿,HTTPS,3.227,3天,20-03-04 10:00
14.126.24.178,8118,高匿,HTTP,0.178,1分钟,20-03-04 06:21
121.237.148.231,3000,高匿,HTTPS,1.368,18天,20-03-04 05:20
223.199.4.111,8118,高匿,HTTP,0.267,1小时,20-03-04 04:20
115.196.129.17,8118,高匿,HTTP,0.463,1分钟,20-03-04 03:20
113.88.208.226,8118,高匿,HTTP,0.262,1分钟,20-03-04 01:20
121.237.149.174,3000,高匿,HTTPS,0.134,5天,20-03-04 01:00
175.10.25.117,3128,高匿,HTTPS,0.224,1天,20-03-04 00:20
121.227.209.7,8118,高匿,HTTP,0.151,7小时,20-03-03 21:20
114.139.173.54,8118,高匿,HTTP,0.57,1分钟,20-03-03 18:20
121.237.148.94,3000,高匿,HTTPS,0.131,43天,20-03-03 18:00
211.162.125.127,80,高匿,HTTP,4.81,1分钟,20-03-03 17:21
114.99.13.54,1133,高匿,HTTPS,0.529,1分钟,20-03-03 17:00
113.88.26.148,8118,高匿,HTTPS,0.204,9小时,20-03-03 16:21
49.73.172.181,8118,高匿,HTTP,0.143,1分钟,20-03-03 14:20
121.237.149.177,3000,高匿,HTTPS,0.451,11天,20-03-03 13:20
114.99.10.117,8888,高匿,HTTP,1.344,1分钟,20-03-03 12:20
171.35.85.4,8118,高匿,HTTP,0.23,1分钟,20-03-03 11:20
222.190.125.2,8118,高匿,HTTP,0.137,1分钟,20-03-03 10:20
123.7.17.237,8060,高匿,HTTP,0.083,1分钟,20-03-03 09:21
223.199.3.30,8118,高匿,HTTPS,3.256,5小时,20-03-03 08:00
175.44.7.16,8118,高匿,HTTP,3.228,1分钟,20-03-03 06:21
222.211.201.55,8118,高匿,HTTP,0.225,1分钟,20-03-03 06:20
114.237.157.215,8118,高匿,HTTP,0.244,1分钟,20-03-03 04:20
222.95.144.47,3000,高匿,HTTP,0.323,16天,20-03-03 03:00
117.88.5.112,3000,高匿,HTTPS,0.189,1分钟,20-03-03 02:00
117.80.227.28,8118,高匿,HTTPS,0.163,15小时,20-03-03 01:20
121.237.149.175,3000,高匿,HTTP,0.341,1分钟,20-03-02 23:20
117.88.5.51,3000,高匿,HTTP,1.351,7天,20-03-02 21:20
117.88.4.72,3000,高匿,HTTP,0.609,1天,20-03-02 21:20
1.83.123.30,8118,高匿,HTTPS,0.161,1分钟,20-03-02 20:00
180.106.150.197,10080,高匿,HTTP,1.421,1分钟,20-03-02 19:20
115.213.178.183,50118,高匿,HTTPS,0.569,2天,20-03-02 18:21
115.219.110.87,8010,高匿,HTTP,5.262,1分钟,20-03-02 17:20
123.185.223.175,8118,高匿,HTTP,0.109,1分钟,20-03-02 15:20
14.126.25.142,8118,高匿,HTTPS,0.178,3小时,20-03-02 14:20
113.116.177.136,8118,高匿,HTTP,0.162,1分钟,20-03-02 13:20
118.25.20.232,8080,高匿,HTTP,0.133,1分钟,20-03-02 11:20
49.73.106.226,8118,高匿,HTTP,1.149,3小时,20-03-02 11:00
59.63.115.111,8118,高匿,HTTP,0.157,1分钟,20-03-02 10:20
101.65.130.233,8118,高匿,HTTPS,0.161,1分钟,20-03-02 09:00
36.106.15.97,8118,高匿,HTTP,1.042,1分钟,20-03-02 08:20
119.180.173.36,8060,高匿,HTTP,0.094,1分钟,20-03-02 07:20
220.189.70.171,8888,高匿,HTTP,3.169,1分钟,20-03-02 06:20
175.148.72.5,1133,高匿,HTTPS,0.71,3小时,20-03-02 05:20
27.203.214.34,8060,高匿,HTTP,0.095,1分钟,20-03-02 03:21
183.135.227.68,8118,高匿,HTTP,0.176,15小时,20-03-02 02:21
175.10.57.219,8118,高匿,HTTPS,0.137,1分钟,20-03-02 02:00
115.159.157.199,8118,高匿,HTTP,1.067,297天,20-03-02 01:20
117.64.237.89,1133,高匿,HTTP,7.382,1分钟,20-03-02 01:20
117.88.177.198,3000,高匿,HTTPS,1.949,3天,20-03-01 23:20
114.99.14.141,8888,高匿,HTTP,0.358,1分钟,20-03-01 23:20
171.122.178.144,8118,高匿,HTTP,0.079,1天,20-03-01 22:21
121.31.102.124,8123,高匿,HTTP,2.901,1265天,20-03-01 21:20
121.237.149.247,3000,高匿,HTTPS,0.131,10小时,20-03-01 20:20
